product_id,product_name,category,unit_price,unit_of_measure
PROD-00001,Devolved optimizing paradigm,Packaging,5330.61,SET
PROD-00002,Customizable asynchronous hardware,Packaging,12960.96,EA
PROD-00003,Grass-roots 24hour middleware,Maintenance,9810.5,EA
PROD-00004,Right-sized contextually-based success,IT Equipment,6054.25,KG
PROD-00005,Enterprise-wide regional website,Furniture,12928.55,BOX
PROD-00006,Distributed full-range matrices,Office Supplies,2873.38,SET
PROD-00007,Optional zero-defect interface,Office Supplies,6342.68,KG
PROD-00008,Synchronized tangible open system,Packaging,3765.85,EA
PROD-00009,Reverse-engineered bandwidth-monitored system engine,Packaging,12125.13,EA
PROD-00010,Optional global leverage,IT Equipment,9790.87,EA
PROD-00011,Pre-emptive disintermediate flexibility,IT Equipment,13897.35,BOX
PROD-00012,Cloned multimedia concept,Office Supplies,6111.05,SET
PROD-00013,Innovative fresh-thinking task-force,Office Supplies,12973.14,EA
PROD-00014,Fully-configurable system-worthy installation,Office Supplies,5700.12,SET
PROD-00015,Grass-roots motivating process improvement,Raw Materials,13899.61,SET
PROD-00016,Configurable actuating paradigm,Raw Materials,6359.54,SET
PROD-00017,Devolved grid-enabled knowledgebase,Office Supplies,2868.72,BOX
PROD-00018,Enhanced bottom-line capacity,IT Equipment,8698.22,EA
PROD-00019,Pre-emptive even-keeled success,Maintenance,4721.23,EA
PROD-00020,Adaptive bandwidth-monitored solution,Safety Equipment,7164.91,BOX
PROD-00021,Triple-buffered even-keeled moratorium,IT Equipment,14412.66,EA
PROD-00022,Enterprise-wide dedicated algorithm,Furniture,2807.73,EA
PROD-00023,Reverse-engineered 3rdgeneration moratorium,Maintenance,12930.74,SET
PROD-00024,Networked mobile architecture,IT Equipment,14125.4,BOX
PROD-00025,Cross-platform client-driven time-frame,Safety Equipment,8927.92,EA
PROD-00026,Cloned intermediate secured line,Packaging,9869.16,KG
PROD-00027,Sharable foreground protocol,Raw Materials,3083.78,KG
PROD-00028,Operative 4thgeneration artificial intelligence,Office Supplies,4002.58,BOX
PROD-00029,Innovative user-facing superstructure,Maintenance,9691.37,SET
PROD-00030,Grass-roots uniform system engine,Raw Materials,13937.05,EA
PROD-00031,Cross-platform content-based functionalities,IT Equipment,6887.83,EA
PROD-00032,Digitized foreground software,IT Equipment,8076.08,KG
PROD-00033,Synergized holistic interface,Office Supplies,14000.56,EA
PROD-00034,Reverse-engineered methodical attitude,Office Supplies,5558.67,BOX
PROD-00035,Focused leadingedge strategy,Packaging,12510.33,KG
PROD-00036,Persevering eco-centric system engine,Safety Equipment,14758.2,EA
PROD-00037,Programmable holistic process improvement,Maintenance,12261.13,KG
PROD-00038,Intuitive executive portal,Maintenance,1576.21,BOX
PROD-00039,Object-based multi-state portal,Raw Materials,1753.54,EA
PROD-00040,Monitored cohesive paradigm,Maintenance,8309.52,KG
PROD-00041,User-friendly background initiative,Raw Materials,9082.33,KG
PROD-00042,Open-source encompassing task-force,Office Supplies,10320.27,KG
PROD-00043,Re-contextualized exuding infrastructure,Safety Equipment,7340.76,EA
PROD-00044,Robust directional circuit,IT Equipment,9523.41,KG
PROD-00045,Sharable impactful monitoring,IT Equipment,78.1,BOX
PROD-00046,Up-sized radical hub,Maintenance,14697.47,BOX
PROD-00047,Organic analyzing Graphic Interface,Maintenance,6641.49,SET
PROD-00048,Intuitive 24/7 policy,Safety Equipment,169.8,EA
PROD-00049,Focused solution-oriented middleware,Maintenance,13561.33,EA
PROD-00050,Realigned bi-directional data-warehouse,Furniture,5554.01,BOX
PROD-00051,Multi-layered actuating moderator,Packaging,1933.5,KG
PROD-00052,Devolved client-server ability,Raw Materials,13487.25,EA
PROD-00053,Distributed asynchronous implementation,Raw Materials,3170.9,BOX
PROD-00054,Extended maximized functionalities,Maintenance,1564.33,SET
PROD-00055,Public-key non-volatile framework,Safety Equipment,11248.43,BOX
PROD-00056,Intuitive needs-based help-desk,Furniture,2458.46,BOX
PROD-00057,Customizable tangible initiative,Packaging,396.18,KG
PROD-00058,Persevering clear-thinking system engine,Furniture,13963.97,BOX
PROD-00059,Front-line 4thgeneration workforce,Raw Materials,2408.99,EA
PROD-00060,Devolved grid-enabled capability,Packaging,13085.7,SET
PROD-00061,Down-sized asynchronous migration,Office Supplies,3013.6,SET
PROD-00062,Automated asymmetric service-desk,Raw Materials,4595.23,BOX
PROD-00063,Multi-lateral disintermediate implementation,Office Supplies,379.37,BOX
PROD-00064,Open-source mobile workforce,Packaging,4940.72,EA
PROD-00065,Public-key asymmetric service-desk,Furniture,4204.9,SET
PROD-00066,Expanded 24hour budgetary management,Maintenance,14717.72,KG
PROD-00067,Adaptive incremental knowledgebase,IT Equipment,1752.24,KG
PROD-00068,Optional 4thgeneration neural-net,Office Supplies,8719.33,KG
PROD-00069,Polarized disintermediate paradigm,IT Equipment,1648.33,SET
PROD-00070,Optional client-server circuit,Raw Materials,10934.96,KG
PROD-00071,Configurable systematic monitoring,Packaging,9102.98,EA
PROD-00072,Down-sized solution-oriented flexibility,Packaging,13495.08,BOX
PROD-00073,Reactive asymmetric methodology,Raw Materials,689.69,SET
PROD-00074,Horizontal holistic synergy,IT Equipment,7810.81,BOX
PROD-00075,Public-key maximized knowledgebase,Raw Materials,6483.68,KG
PROD-00076,Networked high-level archive,Safety Equipment,4725.89,EA
PROD-00077,Cross-platform bottom-line hardware,Maintenance,13503.2,KG
PROD-00078,Proactive responsive secured line,Maintenance,6140.68,SET
PROD-00079,Persevering neutral emulation,Maintenance,4452.44,BOX
PROD-00080,Secured empowering budgetary management,Office Supplies,6321.18,SET
PROD-00081,Down-sized tertiary synergy,Maintenance,11228.32,BOX
PROD-00082,Cross-platform tertiary leverage,Safety Equipment,8547.35,SET
PROD-00083,Fundamental encompassing pricing structure,Safety Equipment,12510.03,KG
PROD-00084,Phased motivating Graphical User Interface,Raw Materials,3172.49,KG
PROD-00085,Grass-roots background infrastructure,Packaging,6640.75,BOX
PROD-00086,Multi-channeled user-facing migration,Safety Equipment,7110.96,BOX
PROD-00087,Front-line exuding database,Maintenance,1294.81,KG
PROD-00088,Progressive scalable approach,IT Equipment,12280.89,BOX
PROD-00089,Public-key directional projection,Maintenance,4673.53,BOX
PROD-00090,Enhanced reciprocal concept,Office Supplies,390.77,BOX
PROD-00091,Secured bi-directional framework,Packaging,9178.83,EA
PROD-00092,Public-key 4thgeneration synergy,Packaging,6231.25,BOX
PROD-00093,Synchronized attitude-oriented open architecture,Maintenance,10452.9,SET
PROD-00094,Profound object-oriented matrix,Packaging,3678.67,EA
PROD-00095,Team-oriented interactive open system,Furniture,12910.1,EA
PROD-00096,Focused static hardware,Furniture,6391.56,BOX
PROD-00097,Down-sized needs-based capacity,Furniture,14370.54,SET
PROD-00098,Decentralized neutral hardware,IT Equipment,8372.15,EA
PROD-00099,Multi-lateral high-level structure,Packaging,2021.75,SET
PROD-00100,De-engineered multimedia model,Maintenance,7978.7,KG
